1,startseite,box-startseite
2,angebote,
4,ueber-die-kub,
5,aktuelles,box-die-kub-auf-facebook
6,kontakt,kontakt
7,beratung,
8,asyl-und-aufenthalt,beratung-zu-asyl-und-aufenthalt
9,psychosozial,unterstutzung-durch-gesprache
10,frauen,beratung-fur-gefluchtete-frauen
11,deutschkurse,
12,anmeldung-und-stundenplan,deutsch-lernen
16,deutschkurse-fuer-alle,netzwerk-deutschkurse-fur-alle
17,projekte-fuer-junge-menschen,kunstprojekte-fur-junge-menschen
18,persische-hoerbuecher,persische-horbucher
19,formulare,box-formulare-verstehbar-machen
20,datenschutz,
21,aushang,datenschutzaushang
22,impressum,
23,transparenz,
25,header-bottom,
27,veroeffentlichungen,
28,404,
29,kontakt,
30,mitmachen,
31,praktikum,
32,ehrenamtliche-mitarbeit,ehrenamtliche-mitarbeit
33,opening-hours,box-offnungszeiten
34,spenden,spenden
35,selbstverst√§ndnis,selbstverstandnis
38,alert,
40,erreichbarkeit,
43,auslaenderverein,
47,geschichte,geschichte-von-der-kub
48,projekte,
49,kooperationen,
50,referentinnen-pool,referentinnen-pool
51,fortbildungsformate,
52,asylfolgeberatung,
53,spam,
55,2019-wirstreiken8m,
56,2017-stellungnahme,
57,2016-positionspapier,
59,ehrenamtliche-sprachmittler,
62,deutschlehrer,
72,deutschkurse,
75,sprach-tandem,box-sprachtandem-warnung
76,anleitung,so-funktioniert-das-kub-sprach-tandem
77,foerderkreis,finanzierung-der-kub-unsicher
78,stellungnahme-bns,
79,kunstprojekt,
82,stellen,
83,stellen,
84,rechtsberatung,
85,praktikum-verwaltung,
87,kub-cafe,
88,sprachen,
93,mitarbeit-sprachmittlung,
95,organigramm,website-2_organigramm_dehtml
96,solikonzert,
